{"AAHS": 1, "AALS": 1, "ABAS": 1, "ABBA": 1, "ABBE": 3, "ABED": 1, "ABET": 1, "ABLE": 216, "ABLY": 2, "ABRI": 1, "ABUT": 1, "ABYE": 1, "ABYS": 1, "ACED": 1, "ACES": 3, "ACHE": 4, "ACHY": 1, "ACID": 13, "ACME": 1, "ACNE": 1, "ACRE": 10, "ACTA": 1, "ACTS": 2, "ACYL": 1, "ADDS": 10, "ADIT": 1, "ADOS": 1, "ADZE": 1, "AEON": 1, "AERO": 1, "AERY": 1, "AFAR": 2, "AFRO": 1, "AGAR": 1, "AGAS": 1, "AGED": 18, "AGEE": 1, "AGER": 1, "AGES": 14, "AGHA": 1, "AGIN": 2, "AGIO": 1, "AGLY": 1, "AGMA": 1, "AGOG": 1, "AGON": 1, "AGUE": 1, "AHED": 1, "AHEM": 1, "AHIS": 1, "AHOY": 1, "AIDE": 1, "AIDS": 5, "AILS": 1, "AIMS": 16, "AINS": 1, "AIRN": 1, "AIRS": 3, "AIRT": 1, "AIRY": 1, "AITS": 1, "AJAR": 2, "AJEE": 1, "AKEE": 1, "AKIN": 10, "ALAE": 1, "ALAN": 5, "ALAR": 1, "ALAS": 6, "ALBA": 1, "ALBS": 1, "ALEC": 25, "ALEE": 1, "ALEF": 1, "ALES": 1, "ALFA": 1, "ALGA": 1, "ALIF": 1, "ALIT": 1, "ALKY": 1, "ALLS": 1, "ALLY": 9, "ALMA": 1, "ALME": 1, "ALMS": 1, "ALOE": 1, "ALOW": 1, "ALPS": 2, "ALSO": 70, "ALTO": 2, "ALTS": 1, "ALUM": 1, "AMAH": 1, "AMAS": 1, "AMEN": 5, "AMIA": 1, "AMID": 2, "AMIE": 1, "AMIN": 1, "AMIR": 1, "AMIS": 1, "AMOK": 1, "AMPS": 1, "AMUS": 1, "AMYL": 1, "ANAS": 1, "ANDS": 1, "ANES": 1, "ANEW": 6, "ANGA": 1, "ANIL": 1, "ANIS": 1, "ANKH": 1, "ANNA": 7, "ANOA": 1, "ANON": 1, "ANSA": 1, "ANTA": 5, "ANTE": 3, "ANTI": 1, "ANTS": 1, "APED": 1, "APER": 1, "APES": 1, "APEX": 4, "APOD": 1, "APOS": 1, "APPS": 1, "APSE": 1, "AQUA": 1, "ARAK": 1, "ARBS": 1, "ARCH": 3, "ARCO": 1, "ARCS": 8, "AREA": 5, "ARES": 1, "ARFS": 1, "ARIA": 1, "ARID": 2, "ARIL": 1, "ARKS": 1, "ARMS": 6, "ARMY": 58, "ARTS": 42, "ARTY": 1, "ARUM": 1, "ARVO": 1, "ARYL": 1, "ASCI": 1, "ASEA": 1, "ASHY": 1, "ASKS": 17, "ASPS": 1, "ATAP": 1, "ATES": 1, "ATMA": 1, "ATOM": 37, "ATOP": 6, "AUKS": 1, "AULD": 1, "AUNT": 14, "AURA": 1, "AUTO": 2, "AVER": 1, "AVES": 1, "AVID": 1, "AVOS": 1, "AVOW": 1, "AWAY": 3, "AWED": 5, "AWEE": 1, "AWES": 1, "AWLS": 1, "AWNS": 1, "AWNY": 1, "AWOL": 1, "AWRY": 2, "AXAL": 1, "AXED": 1, "AXEL": 1, "AXES": 7, "AXIL": 1, "AXIS": 4, "AXLE": 5, "AXON": 1, "AYAH": 1, "AYES": 1, "AYIN": 1, "AZAN": 1, "AZON": 1, "BAAL": 1, "BAAS": 1, "BABA": 1, "BABE": 8, "BABU": 1, "BABY": 5, "BACH": 4, "BACK": 16, "BADE": 1, "BADS": 1, "BAFF": 1, "BAGS": 10, "BAHT": 1, "BAIL": 7, "BAIT": 1, "BAKE": 2, "BALD": 4, "BALE": 5, "BALK": 1, "BALL": 9, "BALM": 1, "BALS": 1, "BAMS": 1, "BAND": 9, "BANE": 1, "BANG": 7, "BANI": 1, "BANK": 29, "BANS": 1, "BAPS": 1, "BARB": 1, "BARD": 3, "BARE": 1, "BARF": 1, "BARK": 14, "BARM": 1, "BARN": 29, "BARS": 1, "BASE": 7, "BASH": 1, "BASK": 1, "BASS": 16, "BAST": 1, "BATE": 1, "BATH": 1, "BATS": 6, "BATT": 1, "BAUD": 1, "BAWD": 1, "BAWL": 1, "BAYS": 2, "BEAD": 1, "BEAK": 1, "BEAM": 20, "BEAN": 1, "BEAR": 4, "BEAT": 3, "BEAU": 1, "BECK": 1, "BEDS": 12, "BEDU": 1, "BEEF": 1, "BEEN": 2, "BEEP": 4, "BEER": 3, "BEES": 15, "BEET": 1, "BEGS": 1, "BELL": 14, "BELS": 1, "BELT": 26, "BEMA": 1, "BEND": 19, "BENE": 1, "BENS": 1, "BENT": 34, "BERG": 1, "BERK": 1, "BERM": 1, "BEST": 10, "BETA": 2, "BETH": 5, "BETS": 3, "BEVY": 3, "BEYS": 1, "BHUT": 1, "BIAS": 8, "BIBB": 1, "BIBS": 1, "BICE": 1, "BIDE": 1, "BIDI": 1, "BIDS": 1, "BIER": 1, "BIFF": 1, "BIGA": 1, "BIGS": 1, "BIKE": 1, "BILE": 3, "BILK": 1, "BILL": 65, "BIMA": 1, "BIND": 4, "BINE": 1, "BINS": 2, "BINT": 1, "BIOG": 1, "BIOS": 1, "BIRD": 25, "BIRK": 1, "BIRL": 1, "BIRO": 1, "BIRR": 1, "BISE": 1, "BISK": 1, "BITE": 10, "BITS": 1, "BITT": 1, "BIZE": 1, "BLAB": 1, "BLAE": 1, "BLAH": 1, "BLAM": 1, "BLAT": 1, "BLAW": 1, "BLEB": 1, "BLED": 3, "BLET": 1, "BLEW": 12, "BLIN": 1, "BLIP": 1, "BLOB": 2, "BLOC": 10, "BLOG": 1, "BLOT": 6, "BLOW": 33, "BLUB": 1, "BLUE": 97, "BLUR": 3, "BOAR": 1, "BOAS": 1, "BOAT": 3, "BOBS": 1, "BOCK": 1, "BODE": 1, "BODS": 1, "BODY": 7, "BOFF": 1, "BOGS": 1, "BOGY": 2, "BOHO": 1, "BOIL": 12, "BOLA": 1, "BOLD": 1, "BOLE": 1, "BOLL": 1, "BOLO": 1, "BOLT": 10, "BOMB": 3, "BOND": 3, "BONE": 33, "BONG": 6, "BONK": 1, "BONY": 7, "BOOK": 21, "BOOM": 8, "BOON": 3, "BOOR": 1, "BOOS": 2, "BOOT": 1, "BOPS": 1, "BORA": 1, "BORE": 1, "BORK": 1, "BORN": 3, "BORT": 1, "BOSH": 1, "BOSK": 1, "BOSS": 2, "BOTA": 1, "BOTH": 87, "BOTS": 1, "BOTT": 1, "BOUT": 5, "BOWL": 20, "BOWS": 3, "BOXY": 1, "BOYO": 1, "BOYS": 11, "BOZO": 1, "BRAD": 1, "BRAE": 1, "BRAG": 2, "BRAN": 1, "BRAS": 1, "BRAT": 1, "BRAW": 1, "BRAY": 1, "BRED": 1, "BREE": 1, "BREN": 1, "BREW": 2, "BRIE": 1, "BRIG": 1, "BRIM": 4, "BRIN": 1, "BRIO": 1, "BRIS": 1, "BRIT": 1, "BROO": 1, "BROS": 1, "BROW": 6, "BRRR": 1, "BRUT": 1, "BRUX": 1, "BUBO": 1, "BUBS": 1, "BUBU": 1, "BUCK": 5, "BUDS": 5, "BUFF": 5, "BUGS": 3, "BUHL": 1, "BUHR": 1, "BULB": 7, "BULK": 16, "BULL": 1, "BUMF": 1, "BUMP": 5, "BUMS": 2, "BUNA": 1, "BUND": 1, "BUNG": 1, "BUNK": 18, "BUNN": 1, "BUNS": 8, "BUNT": 3, "BUOY": 1, "BURA": 1, "BURB": 1, "BURD": 1, "BURG": 1, "BURL": 2, "BURN": 15, "BURP": 1, "BURR": 5, "BURS": 1, "BURY": 2, "BUSH": 10, "BUSK": 1, "BUSS": 1, "BUST": 6, "BUSY": 58, "BUTE": 1, "BUTS": 1, "BUYS": 11, "BUZZ": 8, "BYES": 1, "BYRE": 1, "BYRL": 1, "BYTE": 1, "CABS": 1, "CACA": 1, "CADE": 1, "CADI": 1, "CADS": 1, "CAFE": 15, "CAFF": 1, "CAGE": 9, "CAGY": 1, "CAID": 1, "CAIN": 2, "CAKE": 13, "CAKY": 1, "CALF": 3, "CALK": 1, "CALL": 7, "CALM": 1, "CALO": 1, "CALX": 1, "CAME": 1, "CAMO": 1, "CAMP": 8, "CAMS": 1, "CANE": 12, "CANS": 5, "CANT": 1, "CAPE": 3, "CAPH": 1, "CAPO": 2, "CAPS": 6, "CARB": 1, "CARD": 26, "CARE": 2, "CARK": 1, "CARL": 41, "CARN": 1, "CARP": 1, "CARR": 2, "CARS": 3, "CART": 5, "CASA": 1, "CASE": 7, "CASH": 3, "CASK": 1, "CAST": 45, "CATE": 1, "CATS": 1, "CAUL": 1, "CAVE": 9, "CAVY": 1, "CAWS": 1, "CAYS": 1, "CECA": 1, "CEDE": 1, "CEDI": 1, "CEES": 1, "CEIL": 1, "CELL": 1, "CELS": 1, "CELT": 1, "CENT": 155, "CEPE": 1, "CEPS": 1, "CERE": 1, "CERO": 1, "CESS": 1, "CETE": 1, "CHAD": 1, "CHAI": 1, "CHAM": 1, "CHAO": 1, "CHAP": 2, "CHAR": 1, "CHAT": 5, "CHAW": 1, "CHAY": 1, "CHEF": 1, "CHEW": 2, "CHEZ": 1, "CHIA": 1, "CHIC": 7, "CHID": 1, "CHIN": 24, "CHIP": 17, "CHIS": 1, "CHIT": 1, "CHON": 1, "CHOP": 3, "CHOW": 2, "CHUB": 1, "CHUG": 1, "CHUM": 1, "CIAO": 1, "CIGS": 1, "CINE": 1, "CION": 1, "CIRE": 1, "CIST": 1, "CITE": 7, "CITY": 259, "CLAD": 6, "CLAG": 1, "CLAM": 3, "CLAN": 2, "CLAP": 1, "CLAW": 1, "CLAY": 84, "CLEF": 1, "CLEW": 1, "CLIP": 6, "CLOD": 1, "CLOG": 2, "CLON": 1, "CLOP": 1, "CLOT": 3, "CLOY": 1, "CLUB": 69, "CLUE": 15, "COAL": 28, "COAT": 43, "COAX": 1, "COBB": 18, "COBS": 1, "COCA": 1, "COCO": 1, "CODA": 1, "CODE": 16, "CODS": 1, "COED": 1, "COFF": 1, "COFT": 1, "COGS": 1, "COHO": 1, "COIF": 1, "COIL": 6, "COIN": 10, "COIR": 1, "COKE": 2, "COKY": 1, "COLA": 1, "COLD": 10, "COLE": 1, "COLS": 1, "COLT": 5, "COLY": 1, "COMA": 1, "COMB": 6, "COME": 41, "COMP": 1, "CONE": 13, "CONI": 1, "CONK": 1, "CONN": 1, "CONS": 1, "CONY": 1, "COOF": 1, "COOK": 24, "COOL": 4, "COOP": 3, "COOS": 1, "COOT": 1, "COPE": 21, "COPS": 17, "COPY": 38, "CORD": 6, "CORE": 1, "CORF": 1, "CORK": 9, "CORM": 1, "CORN": 3, "CORS": 1, "CORY": 1, "COSH": 1, "COSS": 1, "COST": 6, "COSY": 1, "COTE": 1, "COTS": 1, "COUP": 4, "COVE": 1, "COWL": 1, "COWS": 3, "COWY": 1, "COXA": 1, "COYS": 1, "COZY": 1, "CRAB": 1, "CRAG": 1, "CRAM": 1, "CRAW": 1, "CRED": 1, "CREW": 36, "CRIB": 5, "CRIS": 1, "CRIT": 1, "CROC": 1, "CROP": 20, "CROW": 1, "CRUD": 1, "CRUS": 1, "CRUX": 2, "CUBE": 1, "CUBS": 2, "CUDS": 1, "CUED": 1, "CUES": 3, "CUFF": 1, "CUIF": 1, "CUKE": 1, "CULL": 1, "CULM": 1, "CULT": 11, "CUPS": 14, "CURB": 13, "CURD": 2, "CURE": 28, "CURF": 1, "CURL": 2, "CURN": 1, "CURR": 1, "CURS": 1, "CURT": 31, "CUSK": 1, "CUSP": 2, "CUSS": 1, "CUTE": 5, "CUTS": 30, "CWMS": 1, "CYAN": 1, "CYMA": 1, "CYME": 1, "CYST": 1, "CZAR": 1, "DABS": 1, "DACE": 1, "DADA": 1, "DADO": 1, "DADS": 1, "DAFF": 1, "DAFT": 1, "DAGS": 1, "DAHL": 1, "DAHS": 1, "DAIS": 2, "DAKS": 1, "DALE": 5, "DALS": 1, "DAME": 1, "DAMP": 1, "DAMS": 1, "DANG": 1, "DANK": 1, "DANS": 1, "DAPS": 1, "DARB": 1, "DARE": 21, "DARK": 15, "DARN": 1, "DART": 1, "DASH": 1, "DATA": 12, "DATE": 1, "DATO": 1, "DAUB": 1, "DAUT": 1, "DAVY": 2, "DAWK": 1, "DAWN": 3, "DAWS": 1, "DAWT": 1, "DAYS": 7, "DAZE": 1, "DEAD": 8, "DEAF": 1, "DEAL": 9, "DEAN": 13, "DEAR": 47, "DEBS": 2, "DEBT": 13, "DECK": 1, "DECO": 1, "DEED": 8, "DEEM": 1, "DEEP": 8, "DEER": 5, "DEES": 1, "DEET": 1, "DEFI": 1, "DEFT": 2, "DEFY": 7, "DEIL": 1, "DEKE": 1, "DELE": 1, "DELF": 1, "DELI": 1, "DELL": 3, "DELS": 1, "DELT": 1, "DEME": 1, "DEMO": 1, "DEMY": 1, "DENE": 1, "DENI": 1, "DENS": 1, "DENT": 1, "DENY": 47, "DERE": 1, "DERM": 1, "DESK": 65, "DEVA": 1, "DEVS": 1, "DEWS": 1, "DEWY": 1, "DEXY": 1, "DEYS": 1, "DHAK": 1, "DHAL": 1, "DHOW": 1, "DIAL": 1, "DIBS": 1, "DICE": 2, "DIDO": 1, "DIDY": 1, "DIED": 86, "DIEL": 1, "DIES": 1, "DIET": 1, "DIFF": 1, "DIFS": 1, "DIGS": 1, "DIKE": 1, "DILL": 11, "DIME": 4, "DIMS": 1, "DINE": 2, "DING": 1, "DINO": 1, "DINS": 1, "DINT": 1, "DIOL": 1, "DIPS": 1, "DIPT": 1, "DIRE": 1, "DIRK": 1, "DIRL": 1, "DIRT": 1, "DISC": 6, "DISH": 1, "DISK": 25, "DISS": 1, "DITA": 1, "DITE": 1, "DITS": 1, "DITZ": 1, "DIVA": 1, "DIVE": 23, "DJIN": 1, "DOAT": 1, "DOBY": 1, "DOCK": 8, "DOCS": 1, "DODO": 1, "DOER": 1, "DOES": 40, "DOFF": 1, "DOGE": 1, "DOGS": 3, "DOGY": 1, "DOIT": 1, "DOJO": 1, "DOLE": 1, "DOLL": 10, "DOLS": 1, "DOLT": 1, "DOME": 17, "DOMS": 1, "DONA": 1, "DONE": 3, "DONG": 1, "DONS": 1, "DOOM": 3, "DOOR": 312, "DOPA": 1, "DOPE": 2, "DOPY": 1, "DORE": 1, "DORK": 1, "DORM": 1, "DORP": 1, "DORR": 3, "DORS": 1, "DORY": 1, "DOSE": 11, "DOSS": 1, "DOST": 1, "DOTE": 1, "DOTH": 1, "DOTS": 11, "DOTY": 1, "DOUM": 1, "DOUR": 2, "DOUX": 1, "DOVE": 3, "DOWN": 7, "DOWS": 1, "DOXY": 1, "DOZE": 1, "DOZY": 1, "DRAB": 5, "DRAG": 1, "DRAM": 1, "DRAT": 1, "DRAW": 3, "DRAY": 1, "DREE": 1, "DREG": 1, "DREK": 1, "DREW": 5, "DRIB": 1, "DRIP": 1, "DROP": 2, "DRUB": 1, "DRUG": 6, "DRUM": 10, "DRYS": 1, "DUAD": 1, "DUAL": 9, "DUBS": 1, "DUCE": 1, "DUCI": 1, "DUCK": 9, "DUCT": 1, "DUDE": 1, "DUDS": 1, "DUEL": 2, "DUES": 1, "DUET": 1, "DUFF": 1, "DUGS": 1, "DUIT": 1, "DUKE": 2, "DULL": 27, "DULY": 10, "DUMA": 1, "DUMB": 13, "DUMP": 4, "DUNE": 1, "DUNG": 1, "DUNK": 1, "DUNS": 1, "DUNT": 1, "DUOS": 1, "DUPE": 1, "DUPS": 1, "DURA": 1, "DURE": 1, "DURN": 1, "DURO": 1, "DURR": 1, "DUSK": 9, "DUST": 2, "DUTY": 3, "DYAD": 1, "DYED": 4, "DYER": 3, "DYES": 1, "DYNE": 1, "EACH": 118, "EARL": 1, "EARN": 16, "EARS": 1, "EASE": 1, "EAST": 42, "EASY": 3, "EATH": 1, "EATS": 1, "EAUX": 1, "EAVE": 1, "EBBS": 1, "EBON": 1, "ECHE": 1, "ECHO": 9, "ECHT": 1, "ECRU": 1, "ECUS": 1, "EDDO": 1, "EDDY": 2, "EDGE": 1, "EDGY": 2, "EDHS": 1, "EDIT": 2, "EELS": 1, "EELY": 1, "EERY": 1, "EFFS": 1, "EFTS": 1, "EGAD": 1, "EGAL": 1, "EGER": 1, "EGGS": 35, "EGGY": 1, "EGIS": 1, "EGOS": 1, "EIDE": 1, "EKED": 2, "EKES": 1, "ELAN": 1, "ELDS": 1, "ELHI": 1, "ELKS": 1, "ELLS": 1, "ELMS": 1, "ELMY": 1, "ELSE": 176, "EMES": 1, "EMEU": 1, "EMFS": 1, "EMIC": 1, "EMIR": 1, "EMIT": 1, "EMMY": 1, "EMUS": 1, "EMYD": 1, "ENDS": 67, "ENGS": 1, "ENOL": 1, "ENOW": 1, "ENUF": 1, "ENVY": 7, "EONS": 1, "EPEE": 1, "EPHA": 1, "EPIC": 18, "EPOS": 1, "ERAS": 2, "ERGO": 1, "ERGS": 1, "ERNE": 1, "ERNS": 1, "EROS": 2, "ERRS": 1, "ERST": 1, "ESES": 1, "ESNE": 1, "ESPY": 1, "ETAS": 1, "ETCH": 1, "ETHS": 1, "ETIC": 1, "ETNA": 1, "EURO": 1, "EVEN": 185, "EVER": 11, "EVES": 1, "EVIL": 2, "EWER": 1, "EWES": 1, "EXAM": 1, "EXEC": 2, "EXED": 1, "EXES": 1, "EXIT": 7, "EXON": 1, "EXPO": 1, "EYAS": 1, "EYED": 7, "EYEN": 1, "EYER": 1, "EYES": 10, "EYNE": 1, "EYRA": 1, "EYRE": 1, "EYRY": 1, "FABS": 1, "FACE": 1, "FACT": 447, "FADE": 2, "FADO": 1, "FADS": 1, "FAIL": 37, "FAIN": 1, "FAIR": 10, "FAKE": 10, "FALL": 11, "FALX": 1, "FAME": 2, "FANE": 1, "FANG": 1, "FANO": 1, "FANS": 21, "FARD": 1, "FARE": 7, "FARL": 1, "FARM": 12, "FARO": 4, "FART": 1, "FASH": 1, "FAST": 78, "FATE": 4, "FATS": 1, "FAUN": 1, "FAUX": 1, "FAVA": 1, "FAVE": 1, "FAWN": 1, "FAYS": 1, "FAZE": 1, "FEAL": 1, "FEAR": 4, "FEAT": 6, "FEDS": 1, "FEEB": 1, "FEED": 5, "FEEL": 216, "FEES": 2, "FEET": 283, "FEHS": 1, "FELL": 92, "FELT": 357, "FEME": 1, "FEMS": 1, "FEND": 1, "FENS": 1, "FEOD": 1, "FERE": 1, "FERN": 1, "FESS": 1, "FEST": 1, "FETA": 1, "FETE": 2, "FETS": 1, "FEUD": 1, "FEUS": 1, "FIAR": 1, "FIAT": 4, "FIBS": 1, "FICE": 1, "FICO": 1, "FIDO": 1, "FIDS": 1, "FIEF": 1, "FIFE": 1, "FIGS": 1, "FILA": 1, "FILE": 6, "FILL": 1, "FILM": 2, "FILO": 1, "FILS": 1, "FIND": 5, "FINE": 12, "FINK": 4, "FINO": 1, "FINS": 5, "FIRE": 17, "FIRM": 1, "FIRN": 1, "FIRS": 1, "FISC": 1, "FISH": 4, "FIST": 25, "FITS": 13, "FIVE": 242, "FIXT": 1, "FIZZ": 1, "FLAB": 1, "FLAG": 16, "FLAK": 1, "FLAM": 1, "FLAN": 1, "FLAP": 1, "FLAT": 1, "FLAW": 3, "FLAX": 3, "FLAY": 1, "FLEA": 2, "FLED": 28, "FLEE": 1, "FLEW": 27, "FLEX": 2, "FLEY": 1, "FLIC": 1, "FLIP": 3, "FLIR": 1, "FLIT": 1, "FLOC": 3, "FLOE": 1, "FLOG": 1, "FLOP": 1, "FLOW": 68, "FLUB": 1, "FLUE": 1, "FLUS": 1, "FLUX": 30, "FOAL": 2, "FOAM": 37, "FOBS": 1, "FOCI": 1, "FOES": 6, "FOGS": 1, "FOGY": 1, "FOHN": 1, "FOIL": 19, "FOIN": 1, "FOLD": 1, "FOLK": 1, "FOND": 13, "FONS": 1, "FONT": 1, "FOOD": 13, "FOOL": 37, "FOOT": 2, "FOPS": 1, "FORA": 1, "FORB": 1, "FORD": 24, "FORE": 6, "FORK": 14, "FORM": 19, "FORT": 8, "FOSS": 3, "FOUL": 4, "FOUR": 326, "FOWL": 1, "FOXY": 1, "FOYS": 1, "FOZY": 1, "FRAE": 1, "FRAG": 1, "FRAP": 1, "FRAT": 1, "FRAY": 1, "FREE": 16, "FRET": 1, "FRIG": 1, "FRIT": 1, "FRIZ": 1, "FROE": 1, "FROG": 1, "FROM": 163, "FROW": 1, "FRUG": 1, "FUBS": 1, "FUCI": 1, "FUDS": 1, "FUEL": 17, "FUGS": 1, "FUGU": 1, "FUJI": 1, "FULL": 225, "FUME": 1, "FUMY": 1, "FUND": 20, "FUNK": 4, "FUNS": 1, "FURL": 1, "FURS": 5, "FURY": 14, "FUSE": 5, "FUSS": 3, "FUTZ": 1, "FUZE": 1, "FUZZ": 3, "FYCE": 1, "FYKE": 1, "GABS": 1, "GABY": 1, "GADI": 1, "GADS": 1, "GAED": 1, "GAEN": 1, "GAES": 1, "GAFF": 1, "GAGA": 1, "GAGE": 4, "GAGS": 2, "GAIN": 1, "GAIT": 8, "GALA": 1, "GALE": 2, "GALL": 7, "GALS": 2, "GAMA": 1, "GAMB": 1, "GAME": 1, "GAMP": 1, "GAMS": 1, "GAMY": 1, "GANE": 1, "GANG": 22, "GAOL": 1, "GAPE": 1, "GAPS": 2, "GAPY": 1, "GARB": 3, "GARS": 1, "GASH": 1, "GASP": 3, "GAST": 1, "GATE": 33, "GATS": 1, "GAUD": 1, "GAUM": 1, "GAUN": 1, "GAUR": 1, "GAVE": 285, "GAWK": 1, "GAWP": 1, "GAYS": 1, "GAZE": 12, "GEAR": 1, "GECK": 1, "GEDS": 1, "GEED": 1, "GEEK": 1, "GEES": 1, "GEEZ": 1, "GELD": 1, "GELS": 1, "GELT": 1, "GEMS": 2, "GENE": 9, "GENS": 1, "GENT": 1, "GENU": 1, "GERM": 3, "GEST": 1, "GETA": 1, "GETS": 1, "GEUM": 1, "GHAT": 1, "GHEE": 1, "GHIS": 1, "GIBE": 1, "GIBS": 1, "GIDS": 1, "GIED": 1, "GIEN": 1, "GIES": 1, "GIFT": 1, "GIGA": 1, "GIGS": 1, "GILD": 1, "GILL": 2, "GILT": 3, "GINK": 1, "GINS": 1, "GIPS": 1, "GIRD": 1, "GIRL": 9, "GIRN": 1, "GIRO": 1, "GIRT": 1, "GIST": 1, "GITE": 1, "GITS": 1, "GIVE": 10, "GLAD": 2, "GLAM": 1, "GLED": 1, "GLEE": 1, "GLEG": 1, "GLEN": 2, "GLEY": 1, "GLIA": 1, "GLIB": 1, "GLIM": 1, "GLOB": 1, "GLOM": 1, "GLOP": 1, "GLOW": 1, "GLUE": 1, "GLUG": 1, "GLUM": 1, "GLUT": 1, "GNAR": 1, "GNAT": 1, "GNAW": 1, "GNUS": 1, "GOAD": 1, "GOAL": 60, "GOAS": 1, "GOAT": 6, "GOBO": 1, "GOBS": 1, "GOBY": 1, "GODS": 12, "GOER": 1, "GOES": 89, "GOGO": 1, "GOLD": 48, "GOLF": 7, "GONE": 5, "GONG": 1, "GOOD": 39, "GOOF": 1, "GOON": 1, "GOOP": 1, "GOOS": 1, "GORE": 7, "GORM": 1, "GORP": 1, "GORY": 1, "GOSH": 1, "GOTH": 1, "GOUT": 2, "GOWD": 1, "GOWK": 1, "GOWN": 16, "GOYS": 1, "GRAB": 4, "GRAD": 1, "GRAM": 1, "GRAN": 9, "GRAT": 1, "GRAY": 64, "GREE": 1, "GREW": 64, "GREY": 5, "GRID": 1, "GRIG": 1, "GRIM": 14, "GRIN": 13, "GRIP": 20, "GRIT": 1, "GROG": 1, "GROK": 5, "GROW": 63, "GRUB": 2, "GRUE": 1, "GRUM": 1, "GUAN": 1, "GUAR": 1, "GUCK": 1, "GUDE": 1, "GUFF": 1, "GUID": 1, "GULF": 5, "GULL": 1, "GULP": 2, "GULS": 1, "GUMS": 1, "GUNK": 1, "GUNS": 2, "GUSH": 1, "GUST": 2, "GUTS": 9, "GUVS": 1, "GUYS": 20, "GYBE": 1, "GYMS": 2, "GYPS": 1, "GYRE": 1, "GYRI": 1, "GYRO": 26, "GYVE": 1, "HAAF": 1, "HAAR": 1, "HABU": 1, "HACK": 2, "HADE": 1, "HADJ": 1, "HAED": 1, "HAEM": 1, "HAEN": 1, "HAES": 1, "HAET": 1, "HAFT": 1, "HAGS": 1, "HAHA": 1, "HAHS": 1, "HAIK": 1, "HAIL": 5, "HAIR": 1, "HAJI": 1, "HAJJ": 1, "HAKE": 1, "HAKU": 1, "HALE": 2, "HALF": 12, "HALL": 45, "HALM": 1, "HALO": 2, "HALT": 10, "HAME": 1, "HAMS": 1, "HAND": 13, "HANG": 2, "HANK": 17, "HANT": 1, "HAPS": 1, "HARD": 3, "HARE": 1, "HARK": 3, "HARL": 1, "HARM": 25, "HARP": 1, "HART": 13, "HASH": 1, "HASP": 1, "HAST": 1, "HATE": 42, "HATH": 3, "HATS": 14, "HAUL": 5, "HAUT": 1, "HAVE": 50, "HAWK": 7, "HAWS": 1, "HAYS": 6, "HAZE": 7, "HAZY": 5, "HEAD": 3, "HEAL": 2, "HEAP": 14, "HEAR": 2, "HEAT": 7, "HEBE": 1, "HECK": 1, "HEED": 8, "HEEL": 9, "HEFT": 1, "HEHS": 1, "HEIL": 1, "HEIR": 7, "HELD": 5, "HELM": 1, "HELO": 1, "HELP": 8, "HEME": 1, "HEMI": 1, "HEMP": 1, "HEMS": 1, "HENS": 3, "HENT": 1, "HERB": 3, "HERD": 22, "HERE": 143, "HERL": 1, "HERM": 1, "HERN": 1, "HERO": 6, "HERS": 16, "HEST": 1, "HETH": 1, "HETS": 1, "HEWN": 1, "HEWS": 1, "HICK": 1, "HIDE": 22, "HIED": 1, "HIES": 1, "HIGH": 36, "HIKE": 4, "HILA": 1, "HILI": 1, "HILL": 34, "HILT": 3, "HIMS": 1, "HIND": 3, "HINS": 1, "HINT": 9, "HIPS": 8, "HIRE": 15, "HISN": 1, "HISS": 1, "HIST": 1, "HITS": 1, "HIVE": 2, "HOAX": 1, "HOBO": 1, "HOBS": 1, "HOCK": 1, "HODS": 1, "HOED": 1, "HOGG": 1, "HOGS": 2, "HOKE": 1, "HOLD": 7, "HOLE": 3, "HOLK": 1, "HOLM": 1, "HOLP": 1, "HOLS": 1, "HOLT": 1, "HOLY": 17, "HOME": 21, "HOMY": 1, "HONE": 2, "HONG": 11, "HONK": 1, "HONS": 1, "HOOD": 4, "HOOF": 2, "HOOK": 4, "HOOP": 3, "HOOT": 2, "HOPE": 13, "HOPS": 1, "HORA": 1, "HORN": 14, "HOSE": 8, "HOST": 36, "HOTS": 1, "HOUR": 145, "HOVE": 1, "HOWE": 2, "HOWF": 1, "HOWK": 1, "HOWL": 1, "HOWS": 1, "HOYA": 1, "HOYS": 1, "HUBS": 2, "HUCK": 1, "HUED": 1, "HUES": 2, "HUFF": 10, "HUGE": 2, "HUGS": 1, "HUIC": 1, "HULA": 1, "HULK": 2, "HULL": 3, "HUMP": 2, "HUMS": 1, "HUNG": 65, "HUNH": 1, "HUNK": 2, "HUNS": 1, "HUNT": 2, "HURL": 3, "HURT": 36, "HUSH": 2, "HUSK": 1, "HUTS": 6, "HWAN": 1, "HYLA": 1, "HYMN": 7, "HYPE": 1, "HYPO": 1, "HYPS": 1, "HYTE": 1, "IAMB": 1, "IBEX": 1, "IBIS": 1, "ICED": 1, "ICES": 1, "ICHS": 1, "ICKY": 1, "ICON": 1, "IDEA": 2, "IDEM": 1, "IDES": 1, "IDLE": 1, "IDLY": 6, "IDOL": 1, "IDYL": 1, "IFFY": 1, "IGGS": 1, "IGLU": 1, "IKAT": 1, "IKON": 1, "ILEA": 1, "ILEX": 1, "ILIA": 1, "ILKA": 1, "ILKS": 1, "ILLS": 9, "ILLY": 1, "IMAM": 1, "IMID": 1, "IMMY": 1, "IMPI": 1, "IMPS": 1, "INBY": 1, "INCH": 39, "INFO": 1, "INIA": 1, "INKS": 1, "INKY": 1, "INLY": 1, "INNS": 1, "INRO": 1, "INTI": 1, "INTO": 9, "IONS": 9, "IOTA": 1, "IRED": 1, "IRES": 1, "IRID": 1, "IRIS": 1, "IRKS": 1, "IRON": 6, "ISBA": 1, "ISLE": 1, "ISMS": 1, "ITCH": 1, "ITEM": 55, "ITER": 1, "IWIS": 1, "IXIA": 1, "IZAR": 1, "JABS": 1, "JACK": 92, "JADE": 1, "JAGG": 1, "JAGS": 1, "JAIL": 4, "JAKE": 6, "JAMB": 1, "JAMS": 2, "JANE": 35, "JAPE": 1, "JARL": 1, "JARS": 1, "JATO": 1, "JAUK": 1, "JAUP": 1, "JAVA": 1, "JAWS": 10, "JAYS": 1, "JAZZ": 18, "JEAN": 23, "JEED": 1, "JEEP": 13, "JEER": 1, "JEES": 1, "JEEZ": 1, "JEFE": 1, "JEHU": 1, "JELL": 1, "JEON": 1, "JERK": 2, "JESS": 33, "JEST": 1, "JETE": 1, "JETS": 4, "JEUX": 1, "JIAO": 1, "JIBB": 1, "JIBE": 1, "JIBS": 1, "JIFF": 1, "JIGS": 1, "JILL": 1, "JILT": 1, "JIMP": 1, "JINK": 1, "JINN": 1, "JINS": 1, "JINX": 1, "JIVE": 1, "JIVY": 1, "JOBS": 2, "JOCK": 1, "JOES": 1, "JOEY": 2, "JOGS": 1, "JOHN": 2, "JOIN": 5, "JOKE": 22, "JOKY": 1, "JOLE": 1, "JOLT": 4, "JOSH": 1, "JOSS": 1, "JOTA": 1, "JOTS": 1, "JOUK": 1, "JOWL": 2, "JOWS": 1, "JOYS": 7, "JUBA": 1, "JUBE": 1, "JUGA": 1, "JUGS": 1, "JUJU": 1, "JUKE": 2, "JUKU": 1, "JUMP": 23, "JUNK": 8, "JUPE": 1, "JURA": 1, "JURY": 63, "JUST": 121, "JUTE": 1, "JUTS": 1, "KAAS": 1, "KABS": 1, "KADI": 1, "KAES": 1, "KAFS": 1, "KAGU": 1, "KAIF": 1, "KAIL": 1, "KAIN": 1, "KAKA": 1, "KAKI": 1, "KALE": 1, "KAME": 1, "KAMI": 1, "KANA": 1, "KANE": 1, "KAON": 1, "KAPA": 1, "KAPH": 1, "KARN": 1, "KART": 1, "KATA": 1, "KATS": 1, "KAVA": 1, "KAYO": 1, "KAYS": 1, "KBAR": 1, "KEAS": 1, "KECK": 1, "KEEF": 1, "KEEK": 1, "KEEL": 6, "KEEN": 11, "KEEP": 17, "KEET": 1, "KEFS": 1, "KEGS": 1, "KEIR": 1, "KELP": 2, "KELT": 1, "KEMP": 1, "KENO": 1, "KENS": 1, "KENT": 14, "KEPI": 1, "KEPS": 1, "KEPT": 186, "KERB": 1, "KERF": 1, "KERN": 8, "KETO": 1, "KEYS": 18, "KHAF": 1, "KHAN": 1, "KHAT": 1, "KHET": 1, "KHIS": 1, "KIBE": 1, "KICK": 15, "KIDS": 32, "KIEF": 1, "KIER": 1, "KIFS": 1, "KIKE": 1, "KILL": 1, "KILN": 1, "KILO": 1, "KILT": 1, "KINA": 1, "KIND": 3, "KINE": 1, "KING": 63, "KINK": 1, "KINO": 1, "KINS": 1, "KIPS": 1, "KIRK": 1, "KIRN": 1, "KIRS": 1, "KISS": 1, "KIST": 1, "KITE": 1, "KITH": 1, "KITS": 1, "KIVA": 1, "KIWI": 1, "KLIK": 1, "KNAP": 1, "KNAR": 1, "KNEE": 2, "KNEW": 395, "KNIT": 1, "KNOP": 1, "KNOT": 8, "KNOW": 4, "KNUR": 1, "KOAN": 1, "KOAS": 1, "KOBO": 1, "KOBS": 1, "KOEL": 1, "KOHL": 1, "KOIS": 1, "KOJI": 1, "KOLA": 2, "KOLO": 1, "KONK": 1, "KOOK": 1, "KOPH": 1, "KOPS": 1, "KORA": 1, "KORE": 1, "KORS": 1, "KOSS": 1, "KOTO": 1, "KRIS": 1, "KUES": 1, "KUFI": 1, "KUNA": 1, "KUNE": 1, "KVAS": 1, "KYAK": 1, "KYAR": 1, "KYAT": 1, "KYES": 1, "KYTE": 1, "LABS": 1, "LACE": 7, "LACK": 1, "LACS": 1, "LACY": 3, "LADE": 1, "LADS": 1, "LADY": 48, "LAGS": 3, "LAIC": 1, "LAID": 77, "LAIN": 4, "LAIR": 1, "LAKE": 11, "LAKH": 1, "LAKY": 1, "LALL": 1, "LAMA": 1, "LAMB": 1, "LAME": 2, "LAMP": 18, "LAMS": 1, "LAND": 19, "LANE": 11, "LANG": 1, "LANK": 1, "LAPS": 2, "LARD": 4, "LARI": 1, "LARK": 1, "LARS": 1, "LASE": 1, "LASH": 6, "LASS": 1, "LAST": 40, "LATE": 5, "LATH": 2, "LATI": 1, "LATS": 2, "LATU": 1, "LAUD": 1, "LAVA": 1, "LAVE": 1, "LAVS": 1, "LAWN": 14, "LAWS": 1, "LAYS": 6, "LAZE": 1, "LAZY": 9, "LEAD": 3, "LEAF": 12, "LEAK": 2, "LEAL": 1, "LEAN": 20, "LEAP": 14, "LEAR": 4, "LEAS": 1, "LECH": 1, "LEDE": 1, "LEEK": 1, "LEER": 1, "LEES": 1, "LEET": 1, "LEFT": 9, "LEGS": 67, "LEHR": 1, "LEIS": 1, "LEKE": 1, "LEKS": 1, "LEKU": 1, "LEND": 1, "LENO": 1, "LENS": 12, "LENT": 5, "LEPT": 1, "LESS": 11, "LEST": 17, "LETS": 5, "LEUD": 1, "LEVA": 1, "LEVO": 1, "LEVY": 7, "LEWD": 3, "LEYS": 1, "LIAR": 3, "LIBS": 1, "LICE": 2, "LICH": 1, "LICK": 3, "LIDO": 1, "LIDS": 5, "LIED": 1, "LIEF": 1, "LIEN": 1, "LIER": 1, "LIES": 44, "LIEU": 5, "LIFE": 39, "LIFT": 1, "LIKE": 55, "LILO": 1, "LILT": 1, "LILY": 1, "LIMA": 1, "LIMB": 5, "LIME": 1, "LIMN": 1, "LIMO": 1, "LIMP": 12, "LIMY": 1, "LINE": 16, "LING": 1, "LINK": 16, "LINN": 1, "LINO": 1, "LINS": 1, "LINT": 3, "LINY": 1, "LION": 3, "LIPA": 1, "LIPE": 1, "LIPS": 1, "LIRA": 1, "LIRE": 1, "LIRI": 1, "LISP": 1, "LIST": 3, "LITE": 1, "LITS": 1, "LITU": 1, "LIVE": 2, "LOAD": 45, "LOAF": 4, "LOAM": 1, "LOAN": 5, "LOBE": 3, "LOBO": 1, "LOBS": 1, "LOCA": 1, "LOCH": 1, "LOCI": 1, "LOCK": 1, "LOCO": 1, "LODE": 1, "LOFT": 2, "LOGE": 1, "LOGO": 1, "LOGS": 8, "LOGY": 1, "LOID": 1, "LOIN": 1, "LOLL": 1, "LONE": 8, "LONG": 39, "LOOF": 1, "LOOK": 364, "LOOM": 6, "LOON": 1, "LOOP": 5, "LOOS": 1, "LOOT": 3, "LOPE": 2, "LOPS": 1, "LORD": 7, "LORE": 7, "LORN": 1, "LORY": 1, "LOSE": 58, "LOSS": 1, "LOST": 173, "LOTA": 1, "LOTH": 1, "LOTI": 1, "LOTS": 3, "LOUD": 1, "LOUP": 1, "LOUR": 1, "LOUT": 1, "LOVE": 17, "LOWE": 1, "LOWN": 1, "LOWS": 1, "LUAU": 1, "LUBE": 1, "LUCE": 1, "LUCK": 2, "LUDE": 1, "LUES": 1, "LUFF": 1, "LUGE": 1, "LUGS": 1, "LULL": 2, "LULU": 1, "LUMA": 1, "LUMP": 7, "LUMS": 1, "LUNA": 1, "LUNE": 1, "LUNG": 1, "LUNK": 1, "LUNT": 1, "LUNY": 1, "LURE": 7, "LURK": 1, "LUSH": 5, "LUTE": 1, "LUTZ": 1, "LUVS": 1, "LUXE": 1, "LWEI": 1, "LYCH": 1, "LYES": 1, "LYNX": 1, "LYRE": 1, "LYSE": 1, "MAAR": 1, "MABE": 1, "MACE": 1, "MACH": 1, "MACK": 1, "MACS": 1, "MADE": 3, "MADS": 1, "MAES": 1, "MAGE": 1, "MAGI": 1, "MAGS": 1, "MAID": 4, "MAIL": 5, "MAIM": 1, "MAIN": 11, "MAIR": 1, "MAKE": 26, "MAKO": 1, "MALE": 37, "MALL": 1, "MALM": 1, "MALT": 1, "MAMA": 1, "MANA": 2, "MANE": 1, "MANO": 2, "MANS": 1, "MANY": 105, "MAPS": 13, "MARA": 1, "MARC": 2, "MARE": 4, "MARK": 51, "MARL": 1, "MARS": 2, "MART": 2, "MASA": 1, "MASH": 1, "MASK": 9, "MASS": 9, "MAST": 6, "MATE": 21, "MATH": 1, "MATS": 2, "MATT": 1, "MAUD": 1, "MAUL": 1, "MAUN": 1, "MAUT": 1, "MAWN": 1, "MAWS": 1, "MAXI": 1, "MAYA": 1, "MAYO": 1, "MAYS": 13, "MAZE": 6, "MAZY": 1, "MEAD": 2, "MEAL": 30, "MEAN": 199, "MEAT": 45, "MEDS": 1, "MEED": 1, "MEEK": 1, "MEET": 2, "MEGA": 1, "MEGS": 1, "MELD": 1, "MELL": 1, "MELS": 1, "MELT": 4, "MEME": 1, "MEMO": 1, "MEMS": 1, "MEND": 2, "MENO": 1, "MENU": 5, "MEOU": 1, "MEOW": 1, "MERC": 2, "MERE": 47, "MERK": 1, "MERL": 1, "MESA": 1, "MESH": 4, "MESS": 22, "META": 1, "METE": 1, "METH": 1, "MEWL": 1, "MEWS": 1, "MEZE": 1, "MHOS": 1, "MIBS": 1, "MICA": 1, "MICE": 10, "MICK": 1, "MICS": 1, "MIDI": 1, "MIDS": 1, "MIEN": 1, "MIFF": 1, "MIGG": 1, "MIGS": 1, "MIKE": 91, "MILD": 14, "MILE": 6, "MILK": 5, "MILL": 9, "MILO": 1, "MILS": 1, "MILT": 2, "MIME": 1, "MINA": 1, "MIND": 1, "MINE": 4, "MINI": 1, "MINK": 5, "MINT": 7, "MINX": 1, "MIPS": 1, "MIRE": 1, "MIRI": 1, "MIRK": 1, "MIRS": 1, "MIRY": 1, "MISE": 1, "MISO": 1, "MISS": 21, "MIST": 11, "MITE": 1, "MITT": 1, "MITY": 1, "MIXT": 1, "MOAS": 1, "MOAT": 1, "MOBS": 4, "MOCK": 8, "MOCS": 1, "MODE": 21, "MODI": 1, "MODS": 1, "MOGS": 1, "MOIL": 1, "MOJO": 1, "MOKE": 1, "MOLA": 1, "MOLD": 1, "MOLE": 1, "MOLL": 5, "MOLS": 1, "MOLT": 1, "MOLY": 1, "MOME": 1, "MOMI": 1, "MOMS": 1, "MONK": 13, "MONO": 1, "MONS": 1, "MONY": 1, "MOOD": 1, "MOOL": 1, "MOON": 11, "MOOR": 1, "MOOS": 3, "MOOT": 1, "MOPE": 1, "MOPS": 1, "MOPY": 1, "MORA": 1, "MORE": 85, "MORN": 1, "MORS": 1, "MORT": 2, "MOSH": 1, "MOSK": 3, "MOSS": 3, "MOST": 104, "MOTE": 1, "MOTH": 1, "MOTS": 1, "MOTT": 1, "MOUE": 1, "MOVE": 3, "MOWN": 1, "MOWS": 1, "MOXA": 1, "MOZO": 1, "MUCH": 37, "MUCK": 1, "MUDS": 1, "MUGG": 1, "MUGS": 2, "MULE": 4, "MULL": 1, "MUMM": 1, "MUMP": 1, "MUMS": 1, "MUMU": 1, "MUNI": 1, "MUNS": 1, "MUON": 1, "MURA": 1, "MURE": 1, "MURK": 1, "MURR": 1, "MUSE": 2, "MUSH": 1, "MUSK": 1, "MUSS": 1, "MUST": 10, "MUTE": 3, "MUTS": 1, "MUTT": 1, "MYCS": 1, "MYNA": 1, "MYTH": 1, "NAAN": 1, "NABE": 1, "NABS": 1, "NADA": 1, "NAFF": 1, "NAGS": 1, "NAIF": 1, "NAIL": 5, "NALA": 1, "NAME": 2, "NANA": 1, "NANS": 1, "NAOI": 1, "NAOS": 1, "NAPA": 1, "NAPE": 1, "NAPS": 2, "NARC": 1, "NARD": 1, "NARK": 1, "NARY": 1, "NAVE": 1, "NAVY": 6, "NAYS": 1, "NEAP": 1, "NEAR": 8, "NEAT": 21, "NEBS": 1, "NECK": 3, "NEED": 8, "NEEM": 1, "NEEP": 1, "NEGS": 1, "NEIF": 1, "NEMA": 1, "NENE": 1, "NEON": 2, "NERD": 1, "NESS": 1, "NEST": 1, "NETS": 3, "NETT": 1, "NEUK": 1, "NEUM": 1, "NEVE": 1, "NEVI": 1, "NEWS": 12, "NEWT": 8, "NEXT": 32, "NIBS": 1, "NICE": 7, "NICK": 25, "NIDE": 1, "NIDI": 1, "NIGH": 1, "NILL": 1, "NILS": 1, "NIMS": 1, "NINE": 7, "NIPA": 1, "NISI": 1, "NITE": 1, "NITS": 1, "NIXE": 1, "NIXY": 1, "NOBS": 1, "NOCK": 1, "NODE": 1, "NODI": 1, "NODS": 1, "NOEL": 8, "NOES": 1, "NOGG": 1, "NOGS": 1, "NOIL": 1, "NOIR": 1, "NOLO": 1, "NOMA": 1, "NOME": 1, "NOMS": 1, "NONA": 1, "NONE": 16, "NOOK": 1, "NOON": 1, "NOPE": 1, "NORI": 1, "NORM": 3, "NOSE": 60, "NOSH": 1, "NOSY": 1, "NOTA": 1, "NOTE": 21, "NOUN": 1, "NOUS": 1, "NOVA": 1, "NOWS": 1, "NOWT": 1, "NUBS": 1, "NUKE": 1, "NULL": 13, "NUMB": 4, "NUNS": 4, "NURD": 1, "NURL": 1, "NUTS": 21, "OAFS": 1, "OAKS": 1, "OAKY": 1, "OARS": 1, "OAST": 1, "OATH": 6, "OATS": 7, "OBAS": 1, "OBES": 1, "OBEY": 8, "OBIA": 1, "OBIS": 1, "OBIT": 1, "OBOE": 1, "OBOL": 1, "OCAS": 1, "ODAH": 1, "ODAS": 1, "ODDS": 14, "ODEA": 1, "ODES": 1, "ODIC": 1, "ODOR": 14, "ODYL": 1, "OFAY": 1, "OFFS": 1, "OGAM": 1, "OGEE": 1, "OGLE": 1, "OGRE": 1, "OHED": 1, "OHIA": 1, "OHMS": 1, "OILS": 1, "OILY": 10, "OINK": 1, "OKAS": 1, "OKAY": 6, "OKEH": 1, "OKES": 1, "OKRA": 1, "OLDS": 1, "OLDY": 1, "OLEA": 1, "OLEO": 1, "OLES": 1, "OLIO": 1, "OLLA": 1, "OMEN": 2, "OMER": 1, "OMIT": 1, "ONCE": 85, "ONES": 2, "ONLY": 1646, "ONOS": 1, "ONTO": 60, "ONUS": 2, "OOHS": 1, "OOPS": 1, "OOTS": 1, "OOZE": 2, "OOZY": 1, "OPAH": 1, "OPAL": 1, "OPED": 1, "OPEN": 13, "OPES": 1, "OPTS": 1, "OPUS": 3, "ORAD": 1, "ORAL": 2, "ORBS": 1, "ORBY": 1, "ORCA": 1, "ORCS": 1, "ORDO": 3, "ORES": 3, "ORGY": 1, "ORLE": 1, "ORRA": 1, "ORTS": 1, "ORZO": 1, "OSAR": 1, "OSES": 1, "OSSA": 1, "OTIC": 1, "OTTO": 1, "OUCH": 1, "OUDS": 1, "OUPH": 1, "OURS": 1, "OUST": 3, "OUTS": 1, "OUZO": 1, "OVAL": 1, "OVEN": 7, "OVER": 30, "OVUM": 1, "OWED": 15, "OWES": 5, "OWLS": 1, "OWNS": 13, "OWSE": 1, "OXEN": 10, "OXES": 1, "OYER": 1, "OYES": 1, "OYEZ": 1, "PACA": 1, "PACE": 1, "PACK": 2, "PACS": 1, "PACT": 3, "PACY": 1, "PADI": 1, "PADS": 5, "PAGE": 5, "PAID": 1, "PAIK": 1, "PAIL": 4, "PAIN": 1, "PAIR": 50, "PALE": 1, "PALL": 3, "PALM": 17, "PALP": 1, "PALS": 1, "PALY": 1, "PAMS": 1, "PANE": 3, "PANG": 1, "PANS": 3, "PANT": 1, "PAPA": 40, "PAPS": 1, "PARA": 1, "PARD": 1, "PARE": 2, "PARK": 48, "PARR": 1, "PARS": 3, "PART": 35, "PASE": 1, "PASH": 1, "PASS": 3, "PAST": 4, "PATE": 1, "PATH": 44, "PATS": 1, "PATY": 1, "PAVE": 2, "PAWL": 1, "PAWS": 3, "PAYS": 17, "PEAG": 1, "PEAK": 1, "PEAL": 1, "PEAN": 1, "PEAR": 6, "PEAS": 24, "PEAT": 1, "PECH": 1, "PECK": 2, "PECS": 3, "PEDS": 1, "PEED": 1, "PEEK": 1, "PEEL": 1, "PEEN": 1, "PEEP": 2, "PEER": 8, "PEES": 1, "PEGS": 2, "PEHS": 1, "PEIN": 1, "PEKE": 1, "PELE": 1, "PELF": 1, "PELT": 1, "PEND": 1, "PENS": 2, "PENT": 1, "PEON": 1, "PEPO": 1, "PEPS": 1, "PERE": 1, "PERI": 1, "PERK": 1, "PERM": 1, "PERP": 1, "PERT": 2, "PERV": 1, "PESO": 1, "PEST": 4, "PETS": 5, "PEWS": 1, "PHAT": 1, "PHEW": 1, "PHIS": 1, "PHIZ": 1, "PHON": 1, "PHOT": 1, "PHUT": 1, "PIAL": 1, "PIAN": 1, "PIAS": 1, "PICA": 1, "PICE": 1, "PICK": 3, "PICS": 1, "PIED": 1, "PIER": 3, "PIES": 5, "PIGS": 6, "PIKA": 1, "PIKE": 3, "PIKI": 1, "PILE": 4, "PILI": 1, "PILL": 15, "PILY": 1, "PIMA": 1, "PIMP": 3, "PINA": 1, "PINE": 14, "PING": 1, "PINK": 2, "PINS": 6, "PINT": 13, "PINY": 1, "PION": 1, "PIPE": 20, "PIPS": 1, "PIPY": 1, "PIRN": 1, "PISH": 1, "PISO": 1, "PITA": 1, "PITH": 1, "PITS": 4, "PITY": 2, "PIXY": 1, "PLAN": 9, "PLAT": 1, "PLAY": 3, "PLEA": 2, "PLEB": 1, "PLED": 1, "PLEW": 1, "PLEX": 1, "PLIE": 1, "PLOD": 1, "PLOP": 1, "PLOT": 1, "PLOW": 1, "PLOY": 1, "PLUG": 23, "PLUM": 1, "PLUS": 5, "POCK": 1, "POCO": 1, "PODS": 1, "POEM": 48, "POET": 31, "POGY": 1, "POIS": 1, "POKE": 1, "POKY": 1, "POLE": 5, "POLL": 9, "POLO": 1, "POLS": 1, "POLY": 1, "POME": 1, "POMO": 1, "POMP": 1, "POMS": 1, "POND": 2, "PONE": 1, "PONG": 1, "PONS": 4, "PONY": 7, "POOD": 1, "POOF": 1, "POOH": 1, "POOL": 2, "POON": 1, "POOR": 21, "POOS": 1, "POOT": 1, "POPE": 5, "POPS": 10, "PORE": 2, "PORK": 10, "PORT": 13, "POSE": 11, "POSH": 1, "POST": 24, "POSY": 1, "POTS": 5, "POUF": 1, "POUR": 9, "POUT": 1, "POWS": 1, "POXY": 1, "PRAM": 1, "PRAO": 1, "PRAT": 1, "PRAU": 1, "PRAY": 12, "PREE": 1, "PREP": 2, "PREX": 1, "PREY": 7, "PREZ": 1, "PRIG": 1, "PRIM": 1, "PROA": 1, "PROD": 2, "PROF": 1, "PROG": 1, "PROM": 1, "PROP": 4, "PROS": 2, "PROW": 1, "PSIS": 1, "PSST": 1, "PUBS": 1, "PUCE": 1, "PUCK": 1, "PUDS": 1, "PUFF": 1, "PUGH": 1, "PUGS": 1, "PUJA": 1, "PUKE": 1, "PULA": 1, "PULE": 1, "PULI": 1, "PULL": 1, "PULP": 5, "PULS": 1, "PUMA": 1, "PUMP": 1, "PUNA": 1, "PUNG": 1, "PUNK": 2, "PUNS": 1, "PUNT": 1, "PUNY": 1, "PUPA": 1, "PUPS": 2, "PUPU": 1, "PURE": 2, "PURI": 1, "PURL": 1, "PURR": 1, "PURS": 1, "PUSH": 1, "PUSS": 1, "PUTS": 20, "PUTT": 6, "PUTZ": 1, "PYAS": 1, "PYES": 1, "PYIC": 1, "PYIN": 1, "PYRE": 1, "PYRO": 1, "QADI": 1, "QAID": 1, "QATS": 1, "QOPH": 1, "QUAD": 1, "QUAG": 1, "QUAI": 1, "QUAY": 1, "QUEY": 1, "QUID": 1, "QUIN": 1, "QUIP": 1, "QUIT": 2, "QUIZ": 2, "QUOD": 1, "RACE": 3, "RACK": 9, "RACY": 2, "RADS": 1, "RAFF": 1, "RAFT": 1, "RAGA": 1, "RAGE": 16, "RAGG": 1, "RAGI": 1, "RAGS": 7, "RAIA": 1, "RAID": 10, "RAIL": 16, "RAIN": 4, "RAIS": 1, "RAJA": 1, "RAKE": 1, "RAKI": 1, "RAKU": 1, "RALE": 1, "RAMI": 1, "RAMP": 6, "RAMS": 1, "RAND": 1, "RANG": 21, "RANI": 1, "RANK": 2, "RANT": 1, "RAPE": 5, "RAPS": 1, "RAPT": 1, "RARE": 1, "RASE": 1, "RASH": 1, "RASP": 2, "RATE": 209, "RATH": 1, "RATO": 1, "RATS": 3, "RAVE": 1, "RAWS": 1, "RAYA": 1, "RAYS": 7, "RAZE": 1, "RAZZ": 1, "READ": 7, "REAL": 7, "REAM": 1, "REAP": 3, "REAR": 1, "REBS": 5, "RECK": 1, "RECS": 1, "REDD": 1, "REDE": 1, "REDO": 1, "REDS": 2, "REED": 5, "REEF": 11, "REEK": 2, "REEL": 2, "REES": 2, "REFS": 1, "REFT": 1, "REGS": 1, "REIF": 1, "REIN": 3, "REIS": 1, "RELY": 13, "REMS": 1, "REND": 1, "RENT": 21, "REPO": 1, "REPP": 1, "REPS": 1, "RESH": 1, "REST": 3, "RETE": 1, "RETS": 1, "REVS": 1, "RHEA": 1, "RHOS": 1, "RHUS": 1, "RIAL": 1, "RIAS": 1, "RIBS": 11, "RICE": 24, "RICH": 5, "RICK": 1, "RIDE": 4, "RIDS": 1, "RIEL": 1, "RIFE": 1, "RIFF": 1, "RIFS": 1, "RIFT": 1, "RIGS": 4, "RILE": 1, "RILL": 1, "RIME": 1, "RIMS": 1, "RIMY": 1, "RIND": 1, "RING": 7, "RINK": 2, "RINS": 1, "RIOT": 7, "RIPE": 4, "RIPS": 1, "RISE": 1, "RISK": 1, "RITE": 3, "RITZ": 1, "RIVE": 1, "ROAD": 19, "ROAM": 6, "ROAN": 1, "ROAR": 13, "ROBE": 6, "ROBS": 1, "ROCK": 21, "ROCS": 1, "RODE": 40, "RODS": 4, "ROES": 1, "ROIL": 1, "ROLE": 104, "ROLF": 1, "ROLL": 4, "ROMP": 1, "ROMS": 1, "ROOD": 1, "ROOF": 1, "ROOK": 1, "ROOM": 18, "ROOT": 2, "ROPE": 15, "ROPY": 1, "RORT": 1, "ROSE": 70, "ROSY": 7, "ROTA": 1, "ROTE": 1, "ROTI": 1, "ROTL": 1, "ROTO": 1, "ROTS": 3, "ROUE": 1, "ROUP": 1, "ROUT": 1, "ROUX": 1, "ROVE": 1, "ROWS": 16, "RUBE": 1, "RUBS": 1, "RUBY": 1, "RUCK": 1, "RUDD": 1, "RUDE": 5, "RUED": 1, "RUER": 1, "RUES": 1, "RUFF": 1, "RUGA": 1, "RUGS": 4, "RUIN": 14, "RULE": 5, "RULY": 1, "RUMP": 2, "RUMS": 1, "RUNE": 1, "RUNG": 3, "RUNS": 55, "RUNT": 1, "RUSE": 2, "RUSH": 1, "RUSK": 10, "RUST": 2, "RUTH": 23, "RUTS": 2, "RYAS": 1, "RYES": 1, "RYKE": 1, "RYND": 1, "RYOT": 1, "SABE": 1, "SABS": 1, "SACK": 2, "SACS": 1, "SADE": 1, "SADI": 1, "SAFE": 58, "SAGA": 6, "SAGE": 2, "SAGO": 1, "SAGS": 1, "SAGY": 1, "SAID": 18, "SAIL": 10, "SAIN": 1, "SAKE": 2, "SAKI": 1, "SALE": 44, "SALL": 1, "SALP": 1, "SALS": 1, "SALT": 41, "SAME": 7, "SAMP": 1, "SAND": 28, "SANE": 3, "SANG": 29, "SANK": 18, "SANS": 2, "SAPS": 1, "SARD": 1, "SARI": 1, "SARK": 1, "SASH": 3, "SASS": 1, "SATE": 1, "SATI": 1, "SAUL": 2, "SAVE": 2, "SAWN": 1, "SAWS": 3, "SAYS": 6, "SCAB": 1, "SCAD": 1, "SCAG": 1, "SCAM": 1, "SCAN": 5, "SCAR": 10, "SCAT": 1, "SCOP": 1, "SCOT": 1, "SCOW": 1, "SCRY": 1, "SCUD": 1, "SCUM": 1, "SCUP": 1, "SCUT": 1, "SEAL": 17, "SEAM": 9, "SEAR": 1, "SEAS": 10, "SEAT": 54, "SECS": 1, "SECT": 2, "SEED": 1, "SEEK": 69, "SEEL": 1, "SEEM": 229, "SEEN": 3, "SEEP": 2, "SEER": 1, "SEES": 35, "SEGO": 1, "SEGS": 1, "SEIF": 1, "SEIS": 1, "SELF": 34, "SELL": 1, "SELS": 1, "SEME": 1, "SEMI": 1, "SEND": 4, "SENE": 1, "SENT": 2, "SEPT": 1, "SERA": 19, "SERE": 1, "SERF": 1, "SERS": 1, "SETA": 1, "SETS": 2, "SETT": 1, "SEWN": 1, "SEWS": 1, "SEXT": 1, "SEXY": 2, "SHAD": 1, "SHAH": 2, "SHAM": 1, "SHAT": 1, "SHAW": 9, "SHAY": 1, "SHEA": 1, "SHED": 11, "SHES": 1, "SHEW": 1, "SHIM": 1, "SHIN": 3, "SHIP": 1, "SHIV": 1, "SHMO": 1, "SHOD": 2, "SHOE": 14, "SHOG": 1, "SHOO": 1, "SHOP": 56, "SHOT": 4, "SHOW": 17, "SHRI": 1, "SHUL": 1, "SHUN": 1, "SHUT": 1, "SHWA": 1, "SIAL": 1, "SIBB": 1, "SIBS": 1, "SICE": 1, "SICK": 2, "SICS": 1, "SIDE": 11, "SIDH": 1, "SIFT": 1, "SIGH": 11, "SIGN": 3, "SIKA": 1, "SIKE": 1, "SILD": 1, "SILK": 1, "SILL": 4, "SILO": 1, "SILT": 1, "SIMA": 1, "SIMP": 1, "SIMS": 3, "SINE": 4, "SING": 7, "SINH": 1, "SINK": 23, "SINS": 16, "SIPE": 1, "SIPS": 1, "SIRE": 1, "SIRS": 2, "SITE": 64, "SITH": 1, "SITS": 6, "SIZE": 138, "SIZY": 1, "SKAG": 1, "SKAS": 1, "SKAT": 1, "SKEE": 1, "SKEG": 1, "SKEP": 1, "SKEW": 1, "SKID": 1, "SKIM": 1, "SKIN": 47, "SKIP": 3, "SKIS": 1, "SKIT": 1, "SKUA": 1, "SLAB": 1, "SLAG": 1, "SLAM": 3, "SLAP": 2, "SLAT": 2, "SLAW": 1, "SLAY": 1, "SLED": 1, "SLEW": 1, "SLID": 24, "SLIM": 10, "SLIP": 19, "SLIT": 6, "SLOB": 4, "SLOE": 2, "SLOG": 1, "SLOP": 2, "SLOT": 6, "SLOW": 2, "SLUB": 1, "SLUE": 1, "SLUG": 1, "SLUM": 8, "SLUR": 1, "SMEW": 1, "SMIT": 1, "SMOG": 1, "SMUG": 1, "SNAG": 3, "SNAP": 12, "SNAW": 1, "SNED": 1, "SNIB": 1, "SNIP": 1, "SNIT": 1, "SNOB": 1, "SNOG": 1, "SNOT": 1, "SNOW": 8, "SNUB": 1, "SNUG": 2, "SNYE": 1, "SOAK": 3, "SOAP": 1, "SOAR": 1, "SOBA": 1, "SOBS": 3, "SOCA": 1, "SOCK": 4, "SODA": 3, "SODS": 1, "SOFA": 6, "SOFT": 61, "SOIL": 2, "SOJA": 1, "SOKE": 1, "SOLA": 1, "SOLD": 47, "SOLE": 1, "SOLI": 1, "SOLO": 7, "SOLS": 1, "SOMA": 1, "SOME": 211, "SOMS": 1, "SONE": 1, "SONG": 14, "SONS": 18, "SOOK": 1, "SOON": 23, "SOOT": 1, "SOPH": 1, "SOPS": 1, "SORA": 1, "SORB": 1, "SORD": 1, "SORE": 1, "SORI": 1, "SORN": 1, "SORT": 3, "SOTH": 1, "SOTS": 1, "SOUK": 1, "SOUL": 47, "SOUP": 2, "SOUR": 1, "SOUS": 1, "SOWN": 3, "SOWS": 1, "SOYA": 1, "SOYS": 1, "SPAE": 1, "SPAM": 1, "SPAN": 3, "SPAR": 1, "SPAS": 1, "SPAT": 9, "SPAY": 1, "SPAZ": 1, "SPEC": 1, "SPED": 9, "SPEW": 1, "SPIN": 7, "SPIT": 11, "SPIV": 1, "SPOT": 1, "SPRY": 1, "SPUD": 1, "SPUE": 1, "SPUN": 16, "SPUR": 13, "SRIS": 1, "STAB": 3, "STAG": 8, "STAR": 9, "STAT": 1, "STAW": 1, "STAY": 6, "STEM": 30, "STEP": 1, "STET": 1, "STEW": 5, "STEY": 1, "STIR": 7, "STOA": 1, "STOB": 1, "STOP": 10, "STOT": 1, "STOW": 1, "STUB": 3, "STUD": 7, "STUM": 1, "STUN": 1, "STYE": 1, "SUBA": 1, "SUBS": 2, "SUCH": 111, "SUDD": 1, "SUDS": 9, "SUED": 4, "SUER": 1, "SUES": 1, "SUET": 1, "SUGH": 1, "SUIT": 48, "SUKS": 1, "SULK": 1, "SULU": 1, "SUMO": 1, "SUMP": 1, "SUMS": 17, "SUNG": 18, "SUNK": 6, "SUNN": 1, "SUNS": 1, "SUPE": 1, "SUPS": 1, "SUQS": 1, "SURA": 1, "SURD": 1, "SURE": 24, "SURF": 1, "SUSS": 1, "SWAB": 1, "SWAG": 1, "SWAM": 6, "SWAN": 1, "SWAP": 2, "SWAT": 1, "SWAY": 5, "SWIG": 2, "SWIM": 4, "SWOB": 1, "SWOP": 1, "SWOT": 1, "SWUM": 1, "SYBO": 1, "SYCE": 1, "SYKE": 1, "SYLI": 1, "SYNC": 1, "SYNE": 1, "SYPH": 1, "TABS": 1, "TABU": 1, "TACE": 1, "TACH": 1, "TACK": 4, "TACO": 1, "TACT": 1, "TADS": 1, "TAEL": 1, "TAGS": 1, "TAHR": 1, "TAIL": 24, "TAIN": 1, "TAKA": 1, "TAKE": 33, "TALA": 1, "TALC": 1, "TALE": 21, "TALI": 1, "TALK": 3, "TALL": 2, "TAME": 5, "TAMP": 1, "TAMS": 1, "TANG": 4, "TANK": 12, "TANS": 1, "TAOS": 1, "TAPA": 1, "TAPE": 4, "TAPS": 1, "TARE": 1, "TARN": 1, "TARO": 1, "TARP": 1, "TARS": 1, "TART": 7, "TASK": 1, "TASS": 4, "TATE": 2, "TATS": 1, "TAUS": 1, "TAUT": 8, "TAVS": 1, "TAWS": 1, "TAXA": 1, "TAXI": 16, "TEAK": 1, "TEAL": 1, "TEAM": 2, "TEAR": 11, "TEAS": 1, "TEAT": 1, "TECH": 8, "TEDS": 1, "TEED": 1, "TEEL": 1, "TEEM": 1, "TEEN": 2, "TEES": 1, "TEFF": 1, "TEGG": 1, "TEGS": 1, "TELA": 1, "TELE": 1, "TELL": 23, "TELS": 1, "TEMP": 1, "TEND": 1, "TENS": 1, "TENT": 20, "TEPA": 1, "TERM": 79, "TERN": 1, "TEST": 6, "TETH": 1, "TETS": 1, "TEWS": 1, "TEXT": 6, "THAE": 1, "THAN": 2, "THAT": 357, "THAW": 6, "THEE": 1, "THEM": 2, "THEN": 355, "THEW": 1, "THEY": 847, "THIN": 92, "THIO": 1, "THIR": 1, "THIS": 1179, "THOU": 6, "THRO": 1, "THRU": 1, "THUD": 3, "THUG": 1, "THUS": 166, "TICK": 3, "TICS": 1, "TIDE": 1, "TIDY": 1, "TIED": 34, "TIER": 1, "TIES": 15, "TIFF": 1, "TIKE": 1, "TIKI": 1, "TILE": 16, "TILL": 46, "TILS": 1, "TILT": 5, "TIME": 42, "TINE": 1, "TING": 1, "TINS": 1, "TINT": 1, "TINY": 1, "TIPI": 1, "TIPS": 13, "TIRE": 2, "TIRL": 1, "TIRO": 1, "TITI": 1, "TIVY": 1, "TOAD": 4, "TOBY": 1, "TODS": 1, "TODY": 1, "TOEA": 1, "TOED": 1, "TOES": 19, "TOFF": 1, "TOFT": 1, "TOFU": 1, "TOGA": 1, "TOGS": 1, "TOIL": 1, "TOIT": 1, "TOKE": 1, "TOLA": 1, "TOLD": 2, "TOLE": 2, "TOLL": 2, "TOLU": 1, "TOMB": 11, "TOME": 1, "TOMS": 1, "TONE": 4, "TONG": 1, "TONS": 28, "TONY": 11, "TOOK": 1, "TOOL": 2, "TOOM": 1, "TOON": 1, "TOOT": 3, "TOPE": 1, "TOPH": 1, "TOPI": 1, "TOPO": 1, "TOPS": 10, "TORA": 1, "TORC": 1, "TORE": 15, "TORI": 1, "TORN": 25, "TORO": 1, "TORR": 1, "TORS": 1, "TORT": 1, "TORY": 13, "TOSH": 1, "TOSS": 1, "TOST": 1, "TOTE": 1, "TOTS": 1, "TOUR": 2, "TOUT": 1, "TOWN": 11, "TOWS": 1, "TOWY": 1, "TOYO": 1, "TOYS": 3, "TRAD": 1, "TRAM": 1, "TRAP": 19, "TRAY": 18, "TREE": 56, "TREF": 1, "TREK": 2, "TRES": 1, "TRET": 1, "TREY": 1, "TRIG": 10, "TRIM": 4, "TRIO": 1, "TRIP": 81, "TROD": 1, "TROP": 1, "TROT": 12, "TROW": 1, "TROY": 3, "TRUE": 14, "TRUG": 1, "TSAR": 1, "TSKS": 1, "TUBA": 1, "TUBE": 1, "TUBS": 5, "TUCK": 1, "TUFA": 1, "TUFF": 1, "TUFT": 1, "TUGS": 1, "TUIS": 1, "TULE": 1, "TUMP": 1, "TUNA": 1, "TUNE": 9, "TUNG": 2, "TUNS": 1, "TUPS": 1, "TURF": 3, "TURK": 5, "TURN": 7, "TUSH": 1, "TUSK": 1, "TUTS": 1, "TUTU": 1, "TWAE": 1, "TWAS": 1, "TWEE": 1, "TWIG": 1, "TWIN": 7, "TWIT": 1, "TWOS": 2, "TYEE": 1, "TYER": 1, "TYES": 1, "TYIN": 1, "TYKE": 1, "TYNE": 1, "TYPE": 3, "TYPO": 1, "TYPP": 1, "TYPY": 1, "TYRE": 1, "TYRO": 1, "TZAR": 1, "UDON": 1, "UDOS": 1, "UGHS": 1, "UGLI": 1, "UGLY": 21, "UKES": 1, "ULAN": 1, "ULNA": 1, "ULUS": 1, "ULVA": 1, "UMPS": 1, "UNAI": 1, "UNAU": 1, "UNBE": 1, "UNCI": 1, "UNCO": 1, "UNDE": 1, "UNDO": 3, "UNDY": 1, "UNIT": 9, "UNTO": 16, "UPAS": 1, "UPBY": 1, "UPDO": 1, "UPON": 20, "URBS": 1, "URDS": 1, "UREA": 1, "URGE": 1, "URIC": 1, "URNS": 2, "URPS": 1, "URSA": 1, "URUS": 1, "USED": 1, "USER": 4, "USES": 1, "UTAS": 1, "UTES": 1, "UVEA": 1, "VACS": 1, "VAGI": 1, "VAIL": 3, "VAIN": 10, "VAIR": 1, "VALE": 4, "VAMP": 1, "VANE": 1, "VANG": 1, "VANS": 1, "VARA": 1, "VARS": 1, "VARY": 34, "VASA": 2, "VASE": 4, "VAST": 1, "VATS": 1, "VATU": 1, "VAUS": 1, "VAVS": 1, "VAWS": 1, "VEAL": 1, "VEEP": 1, "VEER": 2, "VEES": 1, "VEIL": 8, "VEIN": 25, "VELA": 1, "VELD": 1, "VENA": 1, "VEND": 1, "VENT": 1, "VERA": 2, "VERB": 4, "VERT": 1, "VERY": 24, "VEST": 4, "VETO": 10, "VETS": 1, "VEXT": 1, "VIAL": 1, "VIBE": 1, "VICE": 15, "VIDE": 1, "VIDS": 1, "VIED": 1, "VIER": 1, "VIES": 1, "VIEW": 3, "VIGA": 1, "VIGS": 1, "VILE": 5, "VILL": 1, "VIMS": 1, "VINA": 1, "VINE": 4, "VINO": 1, "VINS": 1, "VINY": 1, "VIOL": 1, "VIRL": 1, "VISA": 1, "VISE": 1, "VITA": 5, "VIVA": 1, "VIVE": 1, "VOES": 1, "VOID": 10, "VOLE": 1, "VOLT": 1, "VOTE": 75, "VOWS": 5, "VROW": 1, "VUGG": 1, "VUGH": 1, "VUGS": 1, "WABS": 1, "WACK": 1, "WADE": 2, "WADI": 1, "WADS": 1, "WADY": 1, "WAES": 1, "WAFF": 1, "WAFT": 1, "WAGE": 56, "WAGS": 1, "WAIF": 1, "WAIL": 3, "WAIN": 1, "WAIR": 1, "WAIT": 21, "WAKE": 23, "WALE": 1, "WALK": 4, "WALL": 21, "WALY": 1, "WAME": 1, "WAND": 1, "WANE": 1, "WANS": 1, "WANT": 2, "WANY": 1, "WAPS": 1, "WARD": 3, "WARE": 1, "WARK": 1, "WARM": 2, "WARN": 11, "WARP": 4, "WARS": 1, "WART": 11, "WARY": 7, "WASH": 33, "WASP": 2, "WAST": 1, "WATS": 1, "WATT": 2, "WAUK": 1, "WAUL": 1, "WAUR": 1, "WAVE": 46, "WAVY": 1, "WAWL": 1, "WAWS": 1, "WAXY": 2, "WAYS": 2, "WEAK": 32, "WEAL": 1, "WEAN": 1, "WEAR": 35, "WEBS": 1, "WEDS": 1, "WEED": 1, "WEEK": 18, "WEEL": 1, "WEEN": 1, "WEEP": 2, "WEER": 1, "WEES": 1, "WEET": 1, "WEFT": 1, "WEIR": 2, "WEKA": 1, "WELD": 1, "WELL": 140, "WELT": 1, "WEND": 1, "WENS": 1, "WENT": 1, "WEPT": 9, "WERE": 5, "WERT": 2, "WEST": 48, "WETS": 1, "WHAM": 1, "WHAP": 1, "WHAT": 473, "WHEE": 1, "WHEN": 585, "WHET": 1, "WHEW": 1, "WHEY": 1, "WHID": 1, "WHIG": 6, "WHIM": 2, "WHIN": 1, "WHIP": 19, "WHIR": 3, "WHIT": 1, "WHIZ": 2, "WHOA": 1, "WHOM": 3, "WHOP": 1, "WHUP": 1, "WHYS": 1, "WICH": 1, "WICK": 2, "WIDE": 123, "WIFE": 1, "WIFI": 1, "WIGS": 1, "WIKI": 1, "WILD": 5, "WILE": 1, "WILL": 41, "WILT": 3, "WILY": 2, "WIMP": 1, "WIND": 2, "WINE": 67, "WING": 1, "WINK": 7, "WINO": 1, "WINS": 8, "WINY": 1, "WIPE": 10, "WIRE": 1, "WIRY": 1, "WISE": 33, "WISH": 1, "WISP": 2, "WISS": 1, "WIST": 1, "WITE": 1, "WITH": 277, "WITS": 5, "WIVE": 1, "WOAD": 1, "WOES": 1, "WOKE": 14, "WOKS": 1, "WOLD": 1, "WOLF": 4, "WOMB": 1, "WONK": 1, "WONS": 1, "WONT": 2, "WOOD": 4, "WOOF": 1, "WOOL": 10, "WOOS": 1, "WORD": 13, "WORE": 65, "WORK": 7, "WORM": 4, "WORN": 1, "WORT": 1, "WOST": 1, "WOTS": 1, "WOVE": 3, "WOWS": 1, "WRAP": 5, "WREN": 1, "WRIT": 7, "WUSS": 1, "WYCH": 1, "WYES": 1, "WYLE": 1, "WYND": 1, "WYNN": 1, "WYNS": 1, "WYTE": 1, "XYST": 1, "YACK": 1, "YAFF": 1, "YAGI": 1, "YAGS": 1, "YAKS": 1, "YALD": 1, "YAMS": 1, "YANG": 12, "YANK": 2, "YAPS": 1, "YARD": 2, "YARE": 1, "YARN": 14, "YAUD": 1, "YAUP": 1, "YAWL": 1, "YAWN": 2, "YAWP": 1, "YAWS": 1, "YAYS": 1, "YEAH": 8, "YEAN": 1, "YEAR": 9, "YEAS": 1, "YECH": 1, "YEGG": 1, "YELD": 1, "YELK": 1, "YELL": 9, "YELP": 2, "YENS": 1, "YEPS": 1, "YERK": 1, "YETI": 1, "YETT": 1, "YEUK": 1, "YEWS": 1, "YILL": 1, "YINS": 1, "YIPE": 1, "YIPS": 1, "YIRD": 1, "YIRR": 1, "YLEM": 1, "YOBS": 1, "YOCK": 1, "YODH": 1, "YODS": 1, "YOGA": 1, "YOGH": 1, "YOGI": 2, "YOKE": 3, "YOKS": 1, "YOLK": 1, "YOND": 1, "YONI": 1, "YORE": 2, "YOUR": 55, "YOUS": 1, "YOWE": 1, "YOWL": 1, "YOWS": 1, "YOYO": 1, "YUAN": 1, "YUCA": 1, "YUCH": 1, "YUCK": 1, "YUGA": 1, "YUKS": 1, "YULE": 1, "YUPS": 1, "YURT": 1, "YUTZ": 1, "YWIS": 1, "ZAGS": 1, "ZANY": 1, "ZAPS": 1, "ZARF": 1, "ZEAL": 8, "ZEBU": 1, "ZEDS": 1, "ZEES": 1, "ZEIN": 1, "ZEKS": 1, "ZEPS": 1, "ZERK": 1, "ZERO": 1, "ZEST": 5, "ZETA": 1, "ZIGS": 1, "ZILL": 1, "ZINC": 1, "ZINE": 1, "ZING": 6, "ZINS": 1, "ZIPS": 1, "ZITI": 1, "ZITS": 1, "ZOEA": 1, "ZOIC": 1, "ZONA": 1, "ZONE": 10, "ZONK": 1, "ZOOM": 1, "ZOON": 1, "ZOOS": 1, "ZORI": 1, "ZOUK": 1, "ZYME": 1}